Workbook

Sheet nomor 1
B7: PERBEDAAN TEMPORER
A8: 1) | B8: a) | D8: Perusahaan komersial | E8: Pajak fiskal | F8: Perbedaan
C9: Beban Sewa | D9: =6/12*18000000 -> 9000000 | E9: 18000000 | F9: =D9-E9 -> -9000000
B11: b) | C11: Liabilitas pajak ditangguhkan

Sheet nomor 2
B8: PERBEDAAN TEMPORER
A9: 2) | B9: a) | D9: Perusahaan komersial | E9: Pajak fiskal | F9: Perbedaan | H9: b) ASET pajak ditangguhkan
C10: Beban kerugian piutang | D10: 12500000 | E10: 6500000 | F10: =D10-E10 -> 6000000
B12: b) | C12: Aset pajak ditangguhkan

Sheet nomor 3
B8: PERBEDAAN PERMANEN
A9: 3) | B9: a) | D9: Perusahaan komersial | E9: Pajak fiskal | F9: Perbedaan
C10: Beban natura | D10: 19500000 | E10: 0 | F10: =D10-E10 -> 19500000
B12: b) | C12: Tidak masuk aset dan liabilitas pajak ditangguhkan , tapi masuk ke perbedaan permanen perusahaan

Sheet nomor 4
A11: 1) | B11: a) | D11: Perusahaan komersial | E11: Pajak fiskal | F11: Perbedaan
C12: Beban Sewa | D12: =6/12*18000000 -> 9000000 | E12: 18000000 | F12: =D12-E12 -> -9000000
B14: b) | C14: Liabilitas pajak ditangguhkan
A16: 2) | B16: a) | D16: Perusahaan komersial | E16: Pajak fiskal | F16: Perbedaan
C17: Beban kerugian piutang | D17: 12500000 | E17: 6500000 | F17: =D17-E17 -> 6000000
B19: b) | C19: Aset pajak ditangguhkan
A21: 3) | B21: a) | D21: Perusahaan komersial | E21: Pajak fiskal | F21: Perbedaan
C22: Beban natura | D22: 19500000 | E22: 0 | F22: =D22-E22 -> 19500000
B24: b) | C24: Tidak masuk aset dan liabilitas pajak ditangguhkan , tapi masuk ke perbedaan permanen perusahaan
A26: 4) | B26: Laba sebelum pajak 2020 | F26: 70700000 | G26: +
D28: Penghasilan kena pajak (PKP) 2020 | F28: =F12+F17+F22+F26 -> 87200000

Sheet nomor 5
A12: 5) | B12: Beban pajak | F12: =('nomor 4'!F26+'nomor 4'!F22)*25% -> 22550000
B13: Aset pajak ditangguhkan | F13: ='nomor 2'!F10*25% -> 1500000
C14: Kewajiban pajak ditangguhkan | G14: =-('nomor 1'!F9)*25% -> 2250000
C15: Utang pajak | G15: ='nomor 4'!F28*25% -> 21800000

Sheet nomor 6
A12: 6) | B12: Tarif pajak efektif = | C12: BEBAN PAJAK
C13: LSP
B15: = | C15: ='nomor 7'!H18 -> 22550000 | D15: = | E15: =C15/C16 -> 0.31895332
C16: ='nomor 4'!F26 -> 70700000

Sheet nomor 7
B11: LAPORAN LABA RUGI
B12: LABA SEBELUM PAJAK
A13: 7) | B13: BEBAN PAJAK :
C14: Kini (current year) | F14: ='nomor 5'!G15 -> 21800000
C15: Tangguhan | D15: ='nomor 5'!G14 -> 2250000
D16: ='nomor 5'!F13 -> 1500000 | E16: (-)
F17: =D15-D16 -> 750000 | G17: (+)
F18: BEBAN PAJAK | H18: =SUM(F14:F17) -> 22550000 | I18: (-)
F19: Net Income | H19: ='nomor 4'!F26-'nomor 7'!H18 -> 48150000

Sheet Sheet8
